Date,Vendor,Amount,Category,Receipt Location,Notes,Receipt Status,,,,,,
1/15/24,Office Depot, $47.23 ,Business Expenses,Digital Scan,Printer paper and supplies,_ Filed,,RECEIPT TRACKING SUMMARY:,,,,RECEIPT BACKUP STRATEGY:
1/18/24,Gas Station, $45.67 ,Vehicle Expenses,Physical Receipt,Business travel fuel,_ Filed,,Total Receipts Recorded:,36,,,1. Scan or photograph all receipts immediately
1/22/24,Adobe, $52.99 ,Business Expenses,Email Receipt,Creative Suite subscription,_ Filed,,Receipts on File:,33,,,2. Store digital copies in cloud backup
1/25/24,Conference Hotel, $189.00 ,Travel,Digital Scan,Tax conference lodging,_ Filed,,Missing Receipts:,3,,,3. Keep physical receipts in organized monthly folders
2/5/24,QuickBooks, $25.00 ,Business Expenses,App Receipt,Accounting software,_ Filed,,Digital Receipts:,24,,,4. Email receipts forwarded to dedicated email folder
2/10/24,Parking Meter, $15.00 ,Vehicle Expenses,Lost Receipt,Attorney office parking,_ Missing,,Physical Receipts:,9,,,5. Use receipt scanning apps for immediate capture
2/14/24,Restaurant, $78.45 ,Business Expenses,Physical Receipt,Client lunch meeting,_ Filed,,Lost Receipts:,3,,,6. Contact vendors immediately for missing receipts
2/20/24,FedEx, $23.67 ,Business Expenses,Email Receipt,Shipping documents,_ Filed,,,,,,
3/1/24,AT&T, $125.00 ,Business Expenses,Digital Scan,Business phone bill,_ Filed,,RECEIPT COMPLIANCE:,,,,
3/10/24,Legal Zoom, $199.00 ,Business Expenses,App Receipt,Business formation,_ Filed,,Filing Rate:,92%,,,
3/15/24,Google Ads, $350.00 ,Business Expenses,Email Receipt,Online advertising,_ Filed,,Compliance Status:,__ 3 receipts missing,,,
3/22/24,Tax Conference, $495.00 ,Professional Development,Physical Receipt,CPE conference,_ Filed,,Action Needed:,Contact vendors for duplicate receipts,,,
4/3/24,Staples, $234.56 ,Business Expenses,Digital Scan,Office furniture,_ Filed,,,,,,
4/9/24,Auto Shop, $65.99 ,Vehicle Expenses,Physical Receipt,Oil change,_ Filed,,RECEIPT LOCATION BREAKDOWN:,,,,
4/16/24,Client Lunch, $45.50 ,Business Expenses,Lost Receipt,Business development,_ Missing,,Digital Scan:,9,,,
4/18/24,Zoom, $14.99 ,Business Expenses,Email Receipt,Video conferencing,_ Filed,,Email Receipt:,9,,,
4/25/24,Insurance Co, $156.00 ,Business Expenses,Digital Scan,Liability insurance,_ Filed,,Physical Receipt:,9,,,
5/8/24,Bank, $12.00 ,Business Expenses,App Receipt,Account fees,_ Filed,,App Receipt:,6,,,
5/14/24,Court Filing, $75.00 ,Legal Expenses,Physical Receipt,Client representation,_ Filed,,Lost Receipt:,3,,,
5/15/24,H&R Block, $89.99 ,Tax Preparation,Email Receipt,Tax software,_ Filed,,,,,,
5/20/24,Chamber, $125.00 ,Business Expenses,Digital Scan,Membership dues,_ Filed,,MISSING RECEIPTS REPORT:,,,,
6/1/24,Office Rent, $450.00 ,Business Expenses,Physical Receipt,Shared workspace,_ Filed,,Date,Vendor,Amount,Category,
6/12/24,Client Dinner, $156.78 ,Business Expenses,App Receipt,Business development,_ Filed,,,,,,
6/25/24,Microsoft, $22.00 ,Business Expenses,Email Receipt,Office 365,_ Filed,,,,,,
7/4/24,Credit Card, $95.00 ,Business Expenses,Digital Scan,Annual fee,_ Filed,,,,,,
7/18/24,Magazine, $39.99 ,Professional Development,Physical Receipt,Industry publication,_ Filed,,,,,,
8/5/24,UPS Store, $45.00 ,Business Expenses,Email Receipt,Mailbox rental,_ Filed,,,,,,
8/20/24,Dell Computer," $1,299.00 ",Business Expenses,Digital Scan,Business laptop,_ Filed,,,,,,
9/3/24,CPA Society, $275.00 ,Professional Development,App Receipt,Membership renewal,_ Filed,,,,,,
9/15/24,Networking, $85.00 ,Professional Development,Lost Receipt,Industry dinner,_ Missing,,,,,,
10/1/24,Print Shop, $67.50 ,Business Expenses,Physical Receipt,Business cards,_ Filed,,,,,,
10/12/24,Web Host, $156.00 ,Business Expenses,Email Receipt,Website hosting,_ Filed,,,,,,
11/5/24,Tax Research, $199.00 ,Professional Development,Digital Scan,Research database,_ Filed,,,,,,
11/18/24,Client Gifts, $245.00 ,Business Expenses,App Receipt,Holiday gifts,_ Filed,,,,,,
12/3/24,Office Supplies, $189.45 ,Business Expenses,Physical Receipt,Tax season prep,_ Filed,,,,,,
12/15/24,Tax Seminar, $295.00 ,Professional Development,Email Receipt,Year-end update,_ Filed,,,,,,
,,,,,,,,,,,,
,,,,,,,,,,,,
,,,,,,,,,,,,
,,,,,,,,,,,,
,,,,,,,,,,,,
,,,,,,,,,,,,
,,,,,,,,,,,,
,,,,,,,,,,,,
,,,,,,,,,,,,
,,,,,,,,,,,,
,,,,,,,,,,,,
,,,,,,,,,,,,
,,,,,,,,,,,,
,,,,,,,,,,,,
,,,,,,,,,,,,
,,,,,,,,,,,,
,,,,,,,,,,,,
,,,,,,,,,,,,
,,,,,,,,,,,,
,,,,,,,,,,,,
,,,,,,,,,,,,
,,,,,,,,,,,,
,,,,Notes,,,,,,,,
,,,,,,,,,,,,
,,,,,,,,,,,,
,,,,,,,,,,,,