SIMPLIFIED METHOD CALCULATOR,,,,,
Easier to calculate but may provide lower deduction,,,,,
,,,,,
BASIC CALCULATION,,,,,
Office Square Feet:,=Setup!B10,,,From Setup worksheet
IRS Rate per Square Foot:,$5.00,,,2024 rate
Maximum Office Size:,300,sq ft,,IRS limit
Effective Office Size:,=MIN(B5,B7),sq ft,,Used for calculation
SIMPLIFIED DEDUCTION:,=B8*B6,,,Your deduction amount
,,,,,
INCOME LIMITATIONS,,,,,
Gross Income from Business:,75000,,,From Schedule C
Business Expenses (excluding home office):,25000,,,
Net Income Before Home Office:,=B11-B12,,,
Income Limitation Check:,=IF(B13>=B8,"No limitation","Limited to: $"&B13),,,
FINAL SIMPLIFIED DEDUCTION:,=MIN(B8,B13),,,Limited by income if necessary
,,,,,
ADVANTAGES OF SIMPLIFIED METHOD,,,,,
• No depreciation recapture upon sale,,,,,
• Simpler record keeping,,,,,
• No need to track individual expenses,,,,,
• Faster preparation,,,,,
,,,,,
DISADVANTAGES,,,,,
• May result in lower deduction,,,,,
• Cannot claim actual home expenses,,,,,
• $1,500 maximum annual deduction,,,,,
• Cannot carry forward unused amounts,,,,,
,,,,,
COMPARISON WITH ACTUAL EXPENSE,,,,,
Simplified Method Deduction:,=B15,,,
Actual Expense Method:,=TaxSummary!B45,,,From calculation
Difference:,=B26-B25,,,
Recommendation:,=IF(B27>0,"Use Actual Expense Method","Use Simplified Method"),,,
,,,,,
RECORD KEEPING FOR SIMPLIFIED METHOD,,,,,
Required Documentation:,,,,,
□ Home measurements and floor plan,,,,,
□ Office measurements and photos,,,,,
□ Business use documentation,,,,,
□ Proof of exclusive business use,,,,,
,,,,,
MULTI-YEAR TRACKING,,,,,
Year,Square Feet,Deduction,Notes,,
2024,=B8,=B15,[Current year],,
2023,200,1000,[If applicable],,
2022,200,1000,[If applicable],,
,,,,,
IMPORTANT NOTES,,,,,
• Must maintain exclusive business use,,,,,
• Cannot switch methods without IRS permission,,,,,
• Deduction limited to business income,,,,,
• Consult tax professional for complex situations,,,,,