HOME OFFICE DEDUCTION MAXIMIZER - 2024,,,,,,,,,,
Professional Edition by E&N Tax & Accounting,,,,,,,,,,
,,,,,,,,,,
USER INFORMATION,,,,,QUICK COMPARISON,,,,,
Name:,[Enter Name],,,Method,2024 Deduction,Recommendation,,,
Tax Year:,2024,,,Simplified,=Simplified!B8,=IF(Dashboard!F8>Dashboard!F9,"✓ BEST",""),,,
Business Name:,[Enter Business],,,Actual Expense,=TaxSummary!B45,=IF(Dashboard!F9>Dashboard!F8,"✓ BEST",""),,,
,,,,,Difference,$,=ABS(F8-F9),,,
HOME OFFICE BASICS,,,,,,,,,,,
Total Home Sq Ft:,=Setup!B8,,,YOUR SAVINGS POTENTIAL,,,,,
Office Sq Ft:,=Setup!B9,,,Estimated Annual Savings:,$,=MAX(F8,F9),,,
Business Use %:,=Setup!B10,,,vs. No Deduction:,$,=MAX(F8,F9),,,
,,,,,3-Year Savings Potential:,$,=MAX(F8,F9)*3,,,
ELIGIBILITY STATUS,,,,,,,,,,,
Exclusive Use Test:,=Setup!B13,,,TAX IMPACT SUMMARY,,,,,
Regular Use Test:,=Setup!B14,,,Federal Tax Bracket:,=Setup!B16,%,,
Principal Place Test:,=Setup!B15,,,Estimated Tax Savings:,$,=MAX(F8,F9)*Setup!B16/100,,,
Overall Eligibility:,=IF(AND(B13="✓",B14="✓",B15="✓"),"✓ QUALIFIED","✗ NOT QUALIFIED"),,,State Tax Savings:,$,=MAX(F8,F9)*Setup!B17/100,,,
,,,,,Total Tax Savings:,$,=F18+F19,,,
CURRENT STATUS,,,,,,,,,,,
Simplified Method Setup:,=IF(Simplified!B4<>"";"✓ Complete";"⚠ Incomplete"),,,MONTHLY TRACKING,,,,,
Actual Expense Setup:,=IF(COUNTA(ActualIndirect!A:A)>1;"✓ Complete";"⚠ Incomplete"),,,Jan,Feb,Mar,Q1 Total,,
Form 8829 Ready:,=IF(TaxSummary!B4<>"";"✓ Ready";"⚠ Not Ready"),,,=SUMIFS(ActualIndirect!C:C,ActualIndirect!A:A,">=1/1/2024",ActualIndirect!A:A,"<2/1/2024"),=SUMIFS(ActualIndirect!C:C,ActualIndirect!A:A,">=2/1/2024",ActualIndirect!A:A,"<3/1/2024"),=SUMIFS(ActualIndirect!C:C,ActualIndirect!A:A,">=3/1/2024",ActualIndirect!A:A,"<4/1/2024"),=SUM(F22:H22),,
,,,,,Apr,May,Jun,Q2 Total,,
ACTION ITEMS,,,,,=SUMIFS(ActualIndirect!C:C,ActualIndirect!A:A,">=4/1/2024",ActualIndirect!A:A,"<5/1/2024"),=SUMIFS(ActualIndirect!C:C,ActualIndirect!A:A,">=5/1/2024",ActualIndirect!A:A,"<6/1/2024"),=SUMIFS(ActualIndirect!C:C,ActualIndirect!A:A,">=6/1/2024",ActualIndirect!A:A,"<7/1/2024"),=SUM(F23:H23),,
□ Complete Setup & Eligibility worksheet,,,,,Jul,Aug,Sep,Q3 Total,,
□ Choose deduction method based on comparison,,,,,=SUMIFS(ActualIndirect!C:C,ActualIndirect!A:A,">=7/1/2024",ActualIndirect!A:A,"<8/1/2024"),=SUMIFS(ActualIndirect!C:C,ActualIndirect!A:A,">=8/1/2024",ActualIndirect!A:A,"<9/1/2024"),=SUMIFS(ActualIndirect!C:C,ActualIndirect!A:A,">=9/1/2024",ActualIndirect!A:A,"<10/1/2024"),=SUM(F24:H24),,
□ Enter all eligible expenses,,,,,Oct,Nov,Dec,Q4 Total,,
□ Review depreciation calculations,,,,,=SUMIFS(ActualIndirect!C:C,ActualIndirect!A:A,">=10/1/2024",ActualIndirect!A:A,"<11/1/2024"),=SUMIFS(ActualIndirect!C:C,ActualIndirect!A:A,">=11/1/2024",ActualIndirect!A:A,"<12/1/2024"),=SUMIFS(ActualIndirect!C:C,ActualIndirect!A:A,">=12/1/2024",ActualIndirect!A:A,"<1/1/2025"),=SUM(F25:H25),,
□ Gather supporting documentation,,,,,,,,,
□ Prepare final tax forms,,,,,YEAR TOTAL:,$,=SUM(I22:I25),,,