FORM 1040-ES PAYMENT VOUCHERS,,,,,
,,,,,
VOUCHER 1 - QUARTER 1 2024,,,,,
Form 1040-ES,,,,,Department of the Treasury
2024 Estimated Tax Payment Voucher,,,,,Internal Revenue Service
,,,,,
Your first name and initial:,______________________,,Last name:,______________________,
Your social security number:,___ ___ ___ - ___ ___ - ___ ___ ___ ___,,,,
Spouse's first name and initial:,______________________,,Last name:,______________________,
Spouse's social security number:,___ ___ ___ - ___ ___ - ___ ___ ___ ___,,,,
,,,,,
Address:,____________________________________________,,,,
City State ZIP:,____________________________________________,,,,
,,,,,
Period:,1st Quarter - Due January 15 2024,,,,
Amount of payment:,$,#REF!,,,
,,,,,
Make check payable to:,United States Treasury,,,,
Write on memo line:,2024 Form 1040-ES,,,,
Mail to:,Check instructions for your state,,,,
,,,,,
------- Cut along this line -------,,,,,
,,,,,
VOUCHER 2 - QUARTER 2 2024,,,,,
Form 1040-ES,,,,,Department of the Treasury
2024 Estimated Tax Payment Voucher,,,,,Internal Revenue Service
,,,,,
Your first name and initial:,______________________,,Last name:,______________________,
Your social security number:,___ ___ ___ - ___ ___ - ___ ___ ___ ___,,,,
Spouse's first name and initial:,______________________,,Last name:,______________________,
Spouse's social security number:,___ ___ ___ - ___ ___ - ___ ___ ___ ___,,,,
,,,,,
Address:,____________________________________________,,,,
City State ZIP:,____________________________________________,,,,
,,,,,
Period:,2nd Quarter - Due June 17 2024,,,,
Amount of payment:,$,#REF!,,,
,,,,,
Make check payable to:,United States Treasury,,,,
Write on memo line:,2024 Form 1040-ES,,,,
Mail to:,Check instructions for your state,,,,
,,,,,
------- Cut along this line -------,,,,,
,,,,,
VOUCHER 3 - QUARTER 3 2024,,,,,
Form 1040-ES,,,,,Department of the Treasury
2024 Estimated Tax Payment Voucher,,,,,Internal Revenue Service
,,,,,
Your first name and initial:,______________________,,Last name:,______________________,
Your social security number:,___ ___ ___ - ___ ___ - ___ ___ ___ ___,,,,
Spouse's first name and initial:,______________________,,Last name:,______________________,
Spouse's social security number:,___ ___ ___ - ___ ___ - ___ ___ ___ ___,,,,
,,,,,
Address:,____________________________________________,,,,
City State ZIP:,____________________________________________,,,,
,,,,,
Period:,3rd Quarter - Due September 16 2024,,,,
Amount of payment:,$,#REF!,,,
,,,,,
Make check payable to:,United States Treasury,,,,
Write on memo line:,2024 Form 1040-ES,,,,
Mail to:,Check instructions for your state,,,,
,,,,,
------- Cut along this line -------,,,,,
,,,,,
VOUCHER 4 - QUARTER 4 2024,,,,,
Form 1040-ES,,,,,Department of the Treasury
2024 Estimated Tax Payment Voucher,,,,,Internal Revenue Service
,,,,,
Your first name and initial:,______________________,,Last name:,______________________,
Your social security number:,___ ___ ___ - ___ ___ - ___ ___ ___ ___,,,,
Spouse's first name and initial:,______________________,,Last name:,______________________,
Spouse's social security number:,___ ___ ___ - ___ ___ - ___ ___ ___ ___,,,,
,,,,,
Address:,____________________________________________,,,,
City State ZIP:,____________________________________________,,,,
,,,,,
Period:,4th Quarter - Due January 15 2025,,,,
Amount of payment:,$,#REF!,,,
,,,,,
Make check payable to:,United States Treasury,,,,
Write on memo line:,2024 Form 1040-ES,,,,
Mail to:,Check instructions for your state,,,,